id__c,firstname__c,lastname__c,email__c
100,Cyndie,Andrel,Cyndie.Andrel@yopmail.com
101,Katharina,Kiyoshi,Katharina.Kiyoshi@yopmail.com
102,Mariann,Wind,Mariann.Wind@yopmail.com
103,Bee,Harday,Bee.Harday@yopmail.com
104,Marjie,Dreda,Marjie.Dreda@yopmail.com
105,Wanda,Shaver,Wanda.Shaver@yopmail.com
106,Elvira,Lory,Elvira.Lory@yopmail.com
107,Dulce,Meter,Dulce.Meter@yopmail.com
108,Wendi,Damarra,Wendi.Damarra@yopmail.com
109,Neila,Alrich,Neila.Alrich@yopmail.com
110,Jasmina,Ventre,Jasmina.Ventre@yopmail.com
111,Sarette,Whittaker,Sarette.Whittaker@yopmail.com
112,Sam,Dorcy,Sam.Dorcy@yopmail.com
113,Marita,Winnick,Marita.Winnick@yopmail.com
114,Zaria,Martsen,Zaria.Martsen@yopmail.com
115,Julieta,Armanda,Julieta.Armanda@yopmail.com
116,Doralynne,Viddah,Doralynne.Viddah@yopmail.com
117,Starla,Hanleigh,Starla.Hanleigh@yopmail.com
118,Julieta,Orpah,Julieta.Orpah@yopmail.com
119,Janis,Abernon,Janis.Abernon@yopmail.com
120,Flory,Pitt,Flory.Pitt@yopmail.com
121,Christy,Ursulette,Christy.Ursulette@yopmail.com
122,Marcelline,Narton,Marcelline.Narton@yopmail.com
123,Sidoney,Mendez,Sidoney.Mendez@yopmail.com
124,Rubie,Jammal,Rubie.Jammal@yopmail.com
125,Jessy,Simmonds,Jessy.Simmonds@yopmail.com
126,Dagmar,Thilda,Dagmar.Thilda@yopmail.com
127,Maisey,Herrera,Maisey.Herrera@yopmail.com
128,Bill,Henebry,Bill.Henebry@yopmail.com
129,Lisette,Creamer,Lisette.Creamer@yopmail.com
130,Katharina,Jammal,Katharina.Jammal@yopmail.com
131,Sam,Carey,Sam.Carey@yopmail.com
132,Dominga,Bashemeth,Dominga.Bashemeth@yopmail.com
133,Charissa,Carleen,Charissa.Carleen@yopmail.com
134,Laure,Germann,Laure.Germann@yopmail.com
135,Hildegaard,Hull,Hildegaard.Hull@yopmail.com
136,Lynde,Naor,Lynde.Naor@yopmail.com
137,Lexine,Wallis,Lexine.Wallis@yopmail.com
138,Dede,Atcliffe,Dede.Atcliffe@yopmail.com
139,Deloria,Adalbert,Deloria.Adalbert@yopmail.com
140,Mallory,Jalbert,Mallory.Jalbert@yopmail.com
141,Letizia,Garek,Letizia.Garek@yopmail.com
142,Eadie,Voletta,Eadie.Voletta@yopmail.com
143,Augustine,Truc,Augustine.Truc@yopmail.com
144,Gretal,Janith,Gretal.Janith@yopmail.com
145,Shauna,Vacuva,Shauna.Vacuva@yopmail.com
146,Madeleine,Ellerey,Madeleine.Ellerey@yopmail.com
147,Evaleen,Isacco,Evaleen.Isacco@yopmail.com
148,Hallie,Hilbert,Hallie.Hilbert@yopmail.com
149,Jaime,Bord,Jaime.Bord@yopmail.com
150,Minne,Larochelle,Minne.Larochelle@yopmail.com
151,Briney,Birdella,Briney.Birdella@yopmail.com
152,Marline,Swigart,Marline.Swigart@yopmail.com
153,Dawn,Lorain,Dawn.Lorain@yopmail.com
154,Harmonia,Narton,Harmonia.Narton@yopmail.com
155,Susan,Truc,Susan.Truc@yopmail.com
156,Bettine,Donell,Bettine.Donell@yopmail.com
157,Alisha,Terencio,Alisha.Terencio@yopmail.com
158,Roslyn,Felecia,Roslyn.Felecia@yopmail.com
159,Pierette,Magdalen,Pierette.Magdalen@yopmail.com
160,Danika,Clie,Danika.Clie@yopmail.com
161,Monika,Bari,Monika.Bari@yopmail.com
162,Philis,Revkah,Philis.Revkah@yopmail.com
163,Jemie,Lorain,Jemie.Lorain@yopmail.com
164,Janenna,Othilia,Janenna.Othilia@yopmail.com
165,Marcy,Delacourt,Marcy.Delacourt@yopmail.com
166,Tani,Alarise,Tani.Alarise@yopmail.com
167,Courtnay,Edvard,Courtnay.Edvard@yopmail.com
168,Ingrid,Faro,Ingrid.Faro@yopmail.com
169,Brietta,Jaylene,Brietta.Jaylene@yopmail.com
170,Brianna,Noam,Brianna.Noam@yopmail.com
171,Trudie,Gavrila,Trudie.Gavrila@yopmail.com
172,Tani,Susannah,Tani.Susannah@yopmail.com
173,Fawne,Allare,Fawne.Allare@yopmail.com
174,Lorne,Brandice,Lorne.Brandice@yopmail.com
175,Brietta,Camden,Brietta.Camden@yopmail.com
176,Frances,Girardo,Frances.Girardo@yopmail.com
177,Kial,Valerio,Kial.Valerio@yopmail.com
178,Carly,Nadia,Carly.Nadia@yopmail.com
179,Kayla,Bow,Kayla.Bow@yopmail.com
180,Arlena,Gower,Arlena.Gower@yopmail.com
181,Dania,Rosette,Dania.Rosette@yopmail.com
182,Harmonia,Syd,Harmonia.Syd@yopmail.com
183,Tina,Gerge,Tina.Gerge@yopmail.com
184,Eolanda,Deny,Eolanda.Deny@yopmail.com
185,Kalina,Syd,Kalina.Syd@yopmail.com
186,Melodie,Stoller,Melodie.Stoller@yopmail.com
187,Yolane,Bandeen,Yolane.Bandeen@yopmail.com
188,Ilse,Neva,Ilse.Neva@yopmail.com
189,Karina,Peonir,Karina.Peonir@yopmail.com
190,Joy,Chapland,Joy.Chapland@yopmail.com
191,Dominga,Cath,Dominga.Cath@yopmail.com
192,Maridel,Diogenes,Maridel.Diogenes@yopmail.com
193,Benita,Ricarda,Benita.Ricarda@yopmail.com
194,Hermione,Bigner,Hermione.Bigner@yopmail.com
195,Arlina,Bettine,Arlina.Bettine@yopmail.com
196,Nickie,Pearse,Nickie.Pearse@yopmail.com
197,Sam,Suanne,Sam.Suanne@yopmail.com
198,Trixi,Gilbertson,Trixi.Gilbertson@yopmail.com
199,Genevra,Briney,Genevra.Briney@yopmail.com
200,Nonnah,Seligman,Nonnah.Seligman@yopmail.com
201,Korrie,Thema,Korrie.Thema@yopmail.com
202,Cissiee,Ball,Cissiee.Ball@yopmail.com
203,Letizia,Anton,Letizia.Anton@yopmail.com
204,Beth,Latini,Beth.Latini@yopmail.com
205,Delilah,Velick,Delilah.Velick@yopmail.com
206,Nikki,Belanger,Nikki.Belanger@yopmail.com
207,Dede,Zamora,Dede.Zamora@yopmail.com
208,Benita,Tayib,Benita.Tayib@yopmail.com
209,Misha,Jorgan,Misha.Jorgan@yopmail.com
210,Mariele,Greenwald,Mariele.Greenwald@yopmail.com
211,Lucy,Phyllis,Lucy.Phyllis@yopmail.com
212,Edyth,Carbo,Edyth.Carbo@yopmail.com
213,Wileen,Glovsky,Wileen.Glovsky@yopmail.com
214,Zia,Ummersen,Zia.Ummersen@yopmail.com
215,Teddie,Sibyls,Teddie.Sibyls@yopmail.com
216,Elora,Lacombe,Elora.Lacombe@yopmail.com
217,Meriel,Howlyn,Meriel.Howlyn@yopmail.com
218,Julieta,Odell,Julieta.Odell@yopmail.com
219,Shaine,Zenas,Shaine.Zenas@yopmail.com
220,Farrah,Dyche,Farrah.Dyche@yopmail.com
221,Rozele,Orlene,Rozele.Orlene@yopmail.com
222,Libbie,Jagir,Libbie.Jagir@yopmail.com
223,Agnese,Izaak,Agnese.Izaak@yopmail.com
224,Dacia,Jerold,Dacia.Jerold@yopmail.com
225,Katuscha,Denis,Katuscha.Denis@yopmail.com
226,Concettina,Fulmer,Concettina.Fulmer@yopmail.com
227,Helsa,Buckler,Helsa.Buckler@yopmail.com
228,Judy,Dosia,Judy.Dosia@yopmail.com
229,Dulcinea,Christal,Dulcinea.Christal@yopmail.com
230,Lanae,Brodench,Lanae.Brodench@yopmail.com
231,Annaliese,McClimans,Annaliese.McClimans@yopmail.com
232,Natka,Gert,Natka.Gert@yopmail.com
233,Glynnis,Eachern,Glynnis.Eachern@yopmail.com
234,Averyl,Ursulette,Averyl.Ursulette@yopmail.com
235,Leanna,Klotz,Leanna.Klotz@yopmail.com
236,Cathie,Baylor,Cathie.Baylor@yopmail.com
237,Mariele,Odell,Mariele.Odell@yopmail.com
238,Charlena,Allys,Charlena.Allys@yopmail.com
239,Daphne,Cordi,Daphne.Cordi@yopmail.com
240,Renae,Ephrem,Renae.Ephrem@yopmail.com
241,Eolanda,Ursulette,Eolanda.Ursulette@yopmail.com
242,Tracey,Kauppi,Tracey.Kauppi@yopmail.com
243,Reeba,Mayeda,Reeba.Mayeda@yopmail.com
244,Amalie,Eachern,Amalie.Eachern@yopmail.com
245,Bibby,Teryn,Bibby.Teryn@yopmail.com
246,Carlie,Winthorpe,Carlie.Winthorpe@yopmail.com
247,Chastity,Magdalen,Chastity.Magdalen@yopmail.com
248,Kaja,Sadowski,Kaja.Sadowski@yopmail.com
249,Gerianna,Skurnik,Gerianna.Skurnik@yopmail.com
250,Brana,Posner,Brana.Posner@yopmail.com
251,Kristan,Ellerey,Kristan.Ellerey@yopmail.com
252,Ernesta,Vilma,Ernesta.Vilma@yopmail.com
253,Ingrid,Karylin,Ingrid.Karylin@yopmail.com
254,Belinda,Kunin,Belinda.Kunin@yopmail.com
255,Kelly,Donell,Kelly.Donell@yopmail.com
256,Cristabel,Howlyn,Cristabel.Howlyn@yopmail.com
257,Elvira,Ball,Elvira.Ball@yopmail.com
258,Alisha,Therine,Alisha.Therine@yopmail.com
259,Letizia,Suk,Letizia.Suk@yopmail.com
260,Regina,Rooney,Regina.Rooney@yopmail.com
261,Flory,Tayib,Flory.Tayib@yopmail.com
262,Libbie,Pauly,Libbie.Pauly@yopmail.com
263,Asia,Fosque,Asia.Fosque@yopmail.com
264,Susan,Ferino,Susan.Ferino@yopmail.com
265,Marcelline,Trey,Marcelline.Trey@yopmail.com
266,Valera,Garek,Valera.Garek@yopmail.com
267,Ileana,Bonilla,Ileana.Bonilla@yopmail.com
268,Celene,Jotham,Celene.Jotham@yopmail.com
269,Genovera,Zeeba,Genovera.Zeeba@yopmail.com
270,Vinita,Pattin,Vinita.Pattin@yopmail.com
271,Barbi,Sasnett,Barbi.Sasnett@yopmail.com
272,Deedee,Monaco,Deedee.Monaco@yopmail.com
273,Elmira,Brodench,Elmira.Brodench@yopmail.com
274,Clary,Goddard,Clary.Goddard@yopmail.com
275,Abbie,Candy,Abbie.Candy@yopmail.com
276,Sissy,McAdams,Sissy.McAdams@yopmail.com
277,Althea,Hanshaw,Althea.Hanshaw@yopmail.com
278,Jacenta,Auberbach,Jacenta.Auberbach@yopmail.com
279,Anallese,Mozelle,Anallese.Mozelle@yopmail.com
280,Taffy,Cyrie,Taffy.Cyrie@yopmail.com
281,Xylina,Weitman,Xylina.Weitman@yopmail.com
282,Andeee,Ferrell,Andeee.Ferrell@yopmail.com
283,Margalo,Smitt,Margalo.Smitt@yopmail.com
284,Henriette,Afton,Henriette.Afton@yopmail.com
285,Tomasina,Blake,Tomasina.Blake@yopmail.com
286,Vevay,Reidar,Vevay.Reidar@yopmail.com
287,Bertine,Florina,Bertine.Florina@yopmail.com
288,Augustine,Fosque,Augustine.Fosque@yopmail.com
289,Gusty,Iphlgenia,Gusty.Iphlgenia@yopmail.com
290,Edyth,Sinegold,Edyth.Sinegold@yopmail.com
291,Kirstin,Olin,Kirstin.Olin@yopmail.com
292,Orelia,Danby,Orelia.Danby@yopmail.com
293,Tera,Cimbura,Tera.Cimbura@yopmail.com
294,Ulrike,Bergman,Ulrike.Bergman@yopmail.com
295,Robbi,Israeli,Robbi.Israeli@yopmail.com
296,Ann-Marie,Lunsford,Ann-Marie.Lunsford@yopmail.com
297,Vanessa,Genna,Vanessa.Genna@yopmail.com
298,Annice,Naashom,Annice.Naashom@yopmail.com
299,Christy,Adlare,Christy.Adlare@yopmail.com
300,Janenna,Blisse,Janenna.Blisse@yopmail.com
301,Sibella,Bakerman,Sibella.Bakerman@yopmail.com
302,Gloria,Wadell,Gloria.Wadell@yopmail.com
303,Tina,Pacorro,Tina.Pacorro@yopmail.com
304,Ana,Cath,Ana.Cath@yopmail.com
305,Bernardine,Alwin,Bernardine.Alwin@yopmail.com
306,Shaylyn,Orlene,Shaylyn.Orlene@yopmail.com
307,Darci,Niccolo,Darci.Niccolo@yopmail.com
308,Georgetta,Laverne,Georgetta.Laverne@yopmail.com
309,Alia,Prober,Alia.Prober@yopmail.com
310,Esmeralda,Goode,Esmeralda.Goode@yopmail.com
311,Shannah,Bronk,Shannah.Bronk@yopmail.com
312,Madalyn,Gusella,Madalyn.Gusella@yopmail.com
313,Stephanie,Jary,Stephanie.Jary@yopmail.com
314,Anestassia,Rustice,Anestassia.Rustice@yopmail.com
315,Ivett,Hortensia,Ivett.Hortensia@yopmail.com
316,Madalyn,Clywd,Madalyn.Clywd@yopmail.com
317,Dulcinea,Kathie,Dulcinea.Kathie@yopmail.com
318,Wanda,Monk,Wanda.Monk@yopmail.com
319,Regina,Delacourt,Regina.Delacourt@yopmail.com
320,Jenilee,Flita,Jenilee.Flita@yopmail.com
321,Bibby,Keelia,Bibby.Keelia@yopmail.com
322,Daphne,Ietta,Daphne.Ietta@yopmail.com
323,Henriette,Terrence,Henriette.Terrence@yopmail.com
324,Corry,Autrey,Corry.Autrey@yopmail.com
325,Malina,Esmaria,Malina.Esmaria@yopmail.com
326,Karly,Scammon,Karly.Scammon@yopmail.com
327,Basia,Trey,Basia.Trey@yopmail.com
328,Berta,Even,Berta.Even@yopmail.com
329,Rivalee,Palocz,Rivalee.Palocz@yopmail.com
330,Trudie,Darian,Trudie.Darian@yopmail.com
331,Hayley,Ietta,Hayley.Ietta@yopmail.com
332,Giustina,Nore,Giustina.Nore@yopmail.com
333,Ardys,Carmena,Ardys.Carmena@yopmail.com
334,Orelia,Klotz,Orelia.Klotz@yopmail.com
335,Roz,Yerkovich,Roz.Yerkovich@yopmail.com
336,Elora,Voletta,Elora.Voletta@yopmail.com
337,Constance,Hillel,Constance.Hillel@yopmail.com
338,Lynea,Fairweather,Lynea.Fairweather@yopmail.com
339,Kimberley,Sibyls,Kimberley.Sibyls@yopmail.com
340,Evaleen,Pierette,Evaleen.Pierette@yopmail.com
341,Lulita,Blisse,Lulita.Blisse@yopmail.com
342,Catrina,Rozanna,Catrina.Rozanna@yopmail.com
343,Sidoney,Ahab,Sidoney.Ahab@yopmail.com
344,Doro,Ax,Doro.Ax@yopmail.com
345,Neila,Pelagias,Neila.Pelagias@yopmail.com
346,Tami,Brunell,Tami.Brunell@yopmail.com
347,Yetty,Keily,Yetty.Keily@yopmail.com
348,Vere,Berl,Vere.Berl@yopmail.com
349,Sheree,Zachary,Sheree.Zachary@yopmail.com
350,Deane,Sothena,Deane.Sothena@yopmail.com
351,Zia,Weinreb,Zia.Weinreb@yopmail.com
352,Marjie,Stelle,Marjie.Stelle@yopmail.com
353,Luci,Tamar,Luci.Tamar@yopmail.com
354,Ada,Albertine,Ada.Albertine@yopmail.com
355,Cyb,Vharat,Cyb.Vharat@yopmail.com
356,Dominga,Ramona,Dominga.Ramona@yopmail.com
357,Selma,Bari,Selma.Bari@yopmail.com
358,Alejandra,Lail,Alejandra.Lail@yopmail.com
359,Dode,Gemini,Dode.Gemini@yopmail.com
360,Blake,Lubin,Blake.Lubin@yopmail.com
361,Susan,Primalia,Susan.Primalia@yopmail.com
362,Rosabelle,Ferrell,Rosabelle.Ferrell@yopmail.com
363,Darci,Mullane,Darci.Mullane@yopmail.com
364,Zaria,Horan,Zaria.Horan@yopmail.com
365,Winny,Dosia,Winny.Dosia@yopmail.com
366,Ira,Erskine,Ira.Erskine@yopmail.com
367,Bernardine,Dominy,Bernardine.Dominy@yopmail.com
368,Raf,Kesley,Raf.Kesley@yopmail.com
369,Debee,Ricarda,Debee.Ricarda@yopmail.com
370,Valera,Yoko,Valera.Yoko@yopmail.com
371,Renie,Natalia,Renie.Natalia@yopmail.com
372,Mariann,Fry,Mariann.Fry@yopmail.com
373,Mara,Flita,Mara.Flita@yopmail.com
374,Tatiania,Vacuva,Tatiania.Vacuva@yopmail.com
375,Feliza,Johanna,Feliza.Johanna@yopmail.com
376,Lynde,Ackerley,Lynde.Ackerley@yopmail.com
377,Danny,Brenn,Danny.Brenn@yopmail.com
378,Kelly,Thema,Kelly.Thema@yopmail.com
379,Ida,Zamora,Ida.Zamora@yopmail.com
380,Lory,Persse,Lory.Persse@yopmail.com
381,Janeczka,Oscar,Janeczka.Oscar@yopmail.com
382,Adore,Truc,Adore.Truc@yopmail.com
383,Marita,Mitzi,Marita.Mitzi@yopmail.com
384,Coral,Colp,Coral.Colp@yopmail.com
385,Aaren,Dominy,Aaren.Dominy@yopmail.com
386,Emmey,Sperling,Emmey.Sperling@yopmail.com
387,Ebonee,Bettine,Ebonee.Bettine@yopmail.com
388,Claresta,Vharat,Claresta.Vharat@yopmail.com
389,Jerry,Afton,Jerry.Afton@yopmail.com
390,Johna,Prober,Johna.Prober@yopmail.com
391,Jan,Parette,Jan.Parette@yopmail.com
392,Gertrud,Sherrie,Gertrud.Sherrie@yopmail.com
393,Evaleen,Seessel,Evaleen.Seessel@yopmail.com
394,Dede,My,Dede.My@yopmail.com
395,Raina,Poll,Raina.Poll@yopmail.com
396,Annabela,Ledah,Annabela.Ledah@yopmail.com
397,Stephanie,Jena,Stephanie.Jena@yopmail.com
398,Cam,Brian,Cam.Brian@yopmail.com
399,Rebeca,Oscar,Rebeca.Oscar@yopmail.com
400,Gabi,Cimbura,Gabi.Cimbura@yopmail.com
401,Helena,Erich,Helena.Erich@yopmail.com
402,Carol-Jean,Cyrie,Carol-Jean.Cyrie@yopmail.com
403,Shell,Konyn,Shell.Konyn@yopmail.com
404,Georgetta,Harriman,Georgetta.Harriman@yopmail.com
405,Dolli,Jacqui,Dolli.Jacqui@yopmail.com
406,Zsa Zsa,Persse,Zsa Zsa.Persse@yopmail.com
407,Cacilie,Terencio,Cacilie.Terencio@yopmail.com
408,Sean,Berne,Sean.Berne@yopmail.com
409,Ashlee,Hewitt,Ashlee.Hewitt@yopmail.com
410,Deedee,Magdalen,Deedee.Magdalen@yopmail.com
411,Silvana,Aloise,Silvana.Aloise@yopmail.com
412,Anallese,Khorma,Anallese.Khorma@yopmail.com
413,Blinni,Irmine,Blinni.Irmine@yopmail.com
414,Tybie,Bashemeth,Tybie.Bashemeth@yopmail.com
415,Fernande,Doig,Fernande.Doig@yopmail.com
416,Nonnah,Shelba,Nonnah.Shelba@yopmail.com
417,Carol-Jean,Shelba,Carol-Jean.Shelba@yopmail.com
418,Vivia,Ball,Vivia.Ball@yopmail.com
419,Nessie,Birdella,Nessie.Birdella@yopmail.com
420,Briney,Karylin,Briney.Karylin@yopmail.com
421,Bee,Morgun,Bee.Morgun@yopmail.com
422,Diena,Pernick,Diena.Pernick@yopmail.com
423,Bobbi,Fillbert,Bobbi.Fillbert@yopmail.com
424,Dorothy,Adlare,Dorothy.Adlare@yopmail.com
425,Wileen,Yam,Wileen.Yam@yopmail.com
426,Tina,Dowski,Tina.Dowski@yopmail.com
427,Dorice,Briney,Dorice.Briney@yopmail.com
428,Gloria,Brodench,Gloria.Brodench@yopmail.com
429,Natka,Blisse,Natka.Blisse@yopmail.com
430,Ernesta,Merna,Ernesta.Merna@yopmail.com
431,Joelly,Regan,Joelly.Regan@yopmail.com
432,Emma,Bronk,Emma.Bronk@yopmail.com
433,Siana,Goerke,Siana.Goerke@yopmail.com
434,Roz,Genna,Roz.Genna@yopmail.com
435,Ezmeralda,Obed,Ezmeralda.Obed@yopmail.com
436,Annecorinne,Yusuk,Annecorinne.Yusuk@yopmail.com
437,Madeleine,Hunfredo,Madeleine.Hunfredo@yopmail.com
438,Melisent,Nunci,Melisent.Nunci@yopmail.com
439,Mady,Tillford,Mady.Tillford@yopmail.com
440,Dorene,Amand,Dorene.Amand@yopmail.com
441,Nessie,Ader,Nessie.Ader@yopmail.com
442,Roxane,Flyn,Roxane.Flyn@yopmail.com
443,Phedra,Eiser,Phedra.Eiser@yopmail.com
444,Patricia,Aloise,Patricia.Aloise@yopmail.com
445,Frieda,Lasley,Frieda.Lasley@yopmail.com
446,Sheelagh,Krystle,Sheelagh.Krystle@yopmail.com
447,Dione,Devlen,Dione.Devlen@yopmail.com
448,Tressa,Heidt,Tressa.Heidt@yopmail.com
449,Ira,Weide,Ira.Weide@yopmail.com
450,Marsiella,Melleta,Marsiella.Melleta@yopmail.com
451,Dale,Mott,Dale.Mott@yopmail.com
452,Lily,Ingra,Lily.Ingra@yopmail.com
453,Ezmeralda,Cath,Ezmeralda.Cath@yopmail.com
454,Nessie,Corilla,Nessie.Corilla@yopmail.com
455,Cassandra,Drus,Cassandra.Drus@yopmail.com
456,Phylis,Cutlerr,Phylis.Cutlerr@yopmail.com
457,Zaria,Wooster,Zaria.Wooster@yopmail.com
458,Lexine,Armanda,Lexine.Armanda@yopmail.com
459,Halette,Jeanne,Halette.Jeanne@yopmail.com
460,Glenda,Rugen,Glenda.Rugen@yopmail.com
461,Sybille,Orlene,Sybille.Orlene@yopmail.com
462,Lynde,Shelba,Lynde.Shelba@yopmail.com
463,Beatriz,Eben,Beatriz.Eben@yopmail.com
464,Sara-Ann,Norrie,Sara-Ann.Norrie@yopmail.com
465,Aryn,Mandler,Aryn.Mandler@yopmail.com
466,Kaja,Stefa,Kaja.Stefa@yopmail.com
467,Andree,Noelyn,Andree.Noelyn@yopmail.com
468,Karina,Bebe,Karina.Bebe@yopmail.com
469,Audrie,Aurelio,Audrie.Aurelio@yopmail.com
470,Carmencita,Cyrie,Carmencita.Cyrie@yopmail.com
471,Carlie,Sacken,Carlie.Sacken@yopmail.com
472,Ethel,Soneson,Ethel.Soneson@yopmail.com
473,Barbara,Horan,Barbara.Horan@yopmail.com
474,Roseline,Raseda,Roseline.Raseda@yopmail.com
475,Kalina,Pacorro,Kalina.Pacorro@yopmail.com
476,Roslyn,Zina,Roslyn.Zina@yopmail.com
477,Damaris,Dichy,Damaris.Dichy@yopmail.com
478,Ottilie,Boycey,Ottilie.Boycey@yopmail.com
479,Catharine,Noelyn,Catharine.Noelyn@yopmail.com
480,Hallie,Jess,Hallie.Jess@yopmail.com
481,Pollyanna,Pauly,Pollyanna.Pauly@yopmail.com
482,Nicoli,Secrest,Nicoli.Secrest@yopmail.com
483,Atlanta,Syd,Atlanta.Syd@yopmail.com
484,Kenna,Faro,Kenna.Faro@yopmail.com
485,Nanete,Hathaway,Nanete.Hathaway@yopmail.com
486,Amalie,Elo,Amalie.Elo@yopmail.com
487,Coral,Ludewig,Coral.Ludewig@yopmail.com
488,Modestia,Sisile,Modestia.Sisile@yopmail.com
489,Shaine,Albertine,Shaine.Albertine@yopmail.com
490,Wanda,Dudley,Wanda.Dudley@yopmail.com
491,Caressa,Damarra,Caressa.Damarra@yopmail.com
492,Sissy,Hermes,Sissy.Hermes@yopmail.com
493,Queenie,Helfand,Queenie.Helfand@yopmail.com
494,Nanete,Lory,Nanete.Lory@yopmail.com
495,Lacie,Esmaria,Lacie.Esmaria@yopmail.com
496,Frances,Henrie,Frances.Henrie@yopmail.com
497,Estell,Chapland,Estell.Chapland@yopmail.com
498,Mathilda,Honoria,Mathilda.Honoria@yopmail.com
499,Lacie,Afton,Lacie.Afton@yopmail.com
500,Cherrita,Sacken,Cherrita.Sacken@yopmail.com
501,Harmonia,Lasley,Harmonia.Lasley@yopmail.com
502,Estell,Tomasina,Estell.Tomasina@yopmail.com
503,Kenna,Randene,Kenna.Randene@yopmail.com
504,Monika,Saint,Monika.Saint@yopmail.com
505,Verla,Geffner,Verla.Geffner@yopmail.com
506,Kathi,Kimmie,Kathi.Kimmie@yopmail.com
507,Queenie,Baptlsta,Queenie.Baptlsta@yopmail.com
508,Vinita,Belldas,Vinita.Belldas@yopmail.com
509,Mady,Si,Mady.Si@yopmail.com
510,Kore,Aaberg,Kore.Aaberg@yopmail.com
511,Nanete,Stephie,Nanete.Stephie@yopmail.com
512,Abbie,Bertold,Abbie.Bertold@yopmail.com
513,Sheree,Lorenz,Sheree.Lorenz@yopmail.com
514,Etta,Rese,Etta.Rese@yopmail.com
515,Rosene,Douglass,Rosene.Douglass@yopmail.com
516,Cristabel,Louanna,Cristabel.Louanna@yopmail.com
517,Phylis,Millda,Phylis.Millda@yopmail.com
518,Andeee,Keily,Andeee.Keily@yopmail.com
519,Juliane,Raimondo,Juliane.Raimondo@yopmail.com
520,Anica,Erskine,Anica.Erskine@yopmail.com
521,Jeanna,Saint,Jeanna.Saint@yopmail.com
522,Ekaterina,Rheingold,Ekaterina.Rheingold@yopmail.com
523,Modestia,Colleen,Modestia.Colleen@yopmail.com
524,Nananne,Baptlsta,Nananne.Baptlsta@yopmail.com
525,Cristabel,Pierette,Cristabel.Pierette@yopmail.com
526,Nickie,Ajay,Nickie.Ajay@yopmail.com
527,Brana,Edison,Brana.Edison@yopmail.com
528,Linzy,August,Linzy.August@yopmail.com
529,Sue,Ashok,Sue.Ashok@yopmail.com
530,Celene,Dorothy,Celene.Dorothy@yopmail.com
531,Ofilia,Ader,Ofilia.Ader@yopmail.com
532,Shirlee,Whittaker,Shirlee.Whittaker@yopmail.com
533,Gwenneth,Diogenes,Gwenneth.Diogenes@yopmail.com
534,Helena,Ramona,Helena.Ramona@yopmail.com
535,Misha,McCutcheon,Misha.McCutcheon@yopmail.com
536,Elsie,Thunell,Elsie.Thunell@yopmail.com
537,Orelia,Braun,Orelia.Braun@yopmail.com
538,Brooks,Sundin,Brooks.Sundin@yopmail.com
539,Tina,Swigart,Tina.Swigart@yopmail.com
540,Jemie,Zitvaa,Jemie.Zitvaa@yopmail.com
541,Sonni,Abram,Sonni.Abram@yopmail.com
542,Olwen,Gaulin,Olwen.Gaulin@yopmail.com
543,Cordi,Wyn,Cordi.Wyn@yopmail.com
544,Nananne,Raul,Nananne.Raul@yopmail.com
545,Gusella,Terrence,Gusella.Terrence@yopmail.com
546,Halette,Craggie,Halette.Craggie@yopmail.com
547,Bibby,Libna,Bibby.Libna@yopmail.com
548,Annabela,Thilda,Annabela.Thilda@yopmail.com
549,Melanie,Socha,Melanie.Socha@yopmail.com
550,Nariko,Eben,Nariko.Eben@yopmail.com
551,Kial,Dosia,Kial.Dosia@yopmail.com
552,Candy,Stacy,Candy.Stacy@yopmail.com
553,Valera,Rese,Valera.Rese@yopmail.com
554,Blake,Sophronia,Blake.Sophronia@yopmail.com
555,Ethel,Bultman,Ethel.Bultman@yopmail.com
556,Babita,Candy,Babita.Candy@yopmail.com
557,Chastity,Lubin,Chastity.Lubin@yopmail.com
558,Aimil,Prouty,Aimil.Prouty@yopmail.com
559,Kayla,Alice,Kayla.Alice@yopmail.com
560,Maridel,Faria,Maridel.Faria@yopmail.com
561,Bee,Jobi,Bee.Jobi@yopmail.com
562,Sue,Leler,Sue.Leler@yopmail.com
563,Dale,Mandler,Dale.Mandler@yopmail.com
564,Jessamyn,Jefferey,Jessamyn.Jefferey@yopmail.com
565,Madalyn,Vastah,Madalyn.Vastah@yopmail.com
566,Sibella,Ogren,Sibella.Ogren@yopmail.com
567,Berget,Deny,Berget.Deny@yopmail.com
568,Lulita,Gillan,Lulita.Gillan@yopmail.com
569,Zia,Faust,Zia.Faust@yopmail.com
570,Ofilia,Tremayne,Ofilia.Tremayne@yopmail.com
571,Tracey,Dom,Tracey.Dom@yopmail.com
572,Lizzie,Pitt,Lizzie.Pitt@yopmail.com
573,Perry,Lattie,Perry.Lattie@yopmail.com
574,Atlanta,Sheedy,Atlanta.Sheedy@yopmail.com
575,Yetty,Peg,Yetty.Peg@yopmail.com
576,Christal,Sandye,Christal.Sandye@yopmail.com
577,Gui,Alexandr,Gui.Alexandr@yopmail.com
578,Silvana,Tice,Silvana.Tice@yopmail.com
579,Carree,Letsou,Carree.Letsou@yopmail.com
580,Calla,Ajay,Calla.Ajay@yopmail.com
581,Genevra,Alfons,Genevra.Alfons@yopmail.com
582,Keelia,Yuille,Keelia.Yuille@yopmail.com
583,Jasmina,Parsaye,Jasmina.Parsaye@yopmail.com
584,Chloris,Lanita,Chloris.Lanita@yopmail.com
585,Annaliese,Leler,Annaliese.Leler@yopmail.com
586,Dominga,Federica,Dominga.Federica@yopmail.com
587,Deedee,Ball,Deedee.Ball@yopmail.com
588,Raf,Lorain,Raf.Lorain@yopmail.com
589,Jerry,Alfons,Jerry.Alfons@yopmail.com
590,Jemie,Rurik,Jemie.Rurik@yopmail.com
591,Yolane,Quinn,Yolane.Quinn@yopmail.com
592,Luci,Leler,Luci.Leler@yopmail.com
593,Hollie,Zamora,Hollie.Zamora@yopmail.com
594,Nikki,Sinegold,Nikki.Sinegold@yopmail.com
595,Ginnie,Talia,Ginnie.Talia@yopmail.com
596,Barbi,Clarissa,Barbi.Clarissa@yopmail.com
597,Kore,Iaverne,Kore.Iaverne@yopmail.com
598,Dale,Klotz,Dale.Klotz@yopmail.com
599,Lucille,Leonard,Lucille.Leonard@yopmail.com
600,Monika,Serilda,Monika.Serilda@yopmail.com
601,Teriann,Brackely,Teriann.Brackely@yopmail.com
602,Alex,Cynar,Alex.Cynar@yopmail.com
603,Nariko,Edvard,Nariko.Edvard@yopmail.com
604,Oralee,Poppy,Oralee.Poppy@yopmail.com
605,Magdalena,Kazimir,Magdalena.Kazimir@yopmail.com
606,Valli,Greenwald,Valli.Greenwald@yopmail.com
607,Melodie,Georas,Melodie.Georas@yopmail.com
608,Marika,Shirberg,Marika.Shirberg@yopmail.com
609,Vanessa,Primalia,Vanessa.Primalia@yopmail.com
610,Jillayne,Merna,Jillayne.Merna@yopmail.com
611,Wilma,Cassius,Wilma.Cassius@yopmail.com
612,Adelle,Sundin,Adelle.Sundin@yopmail.com
613,Zia,Schalles,Zia.Schalles@yopmail.com
614,Wendi,Seagraves,Wendi.Seagraves@yopmail.com
615,Estell,Bryna,Estell.Bryna@yopmail.com
616,Bobinette,Marsden,Bobinette.Marsden@yopmail.com
617,Kial,Erskine,Kial.Erskine@yopmail.com
618,Britni,Carleen,Britni.Carleen@yopmail.com
619,Karena,Verger,Karena.Verger@yopmail.com
620,Annecorinne,Chaing,Annecorinne.Chaing@yopmail.com
621,Karena,Stefa,Karena.Stefa@yopmail.com
622,Janis,Rebecka,Janis.Rebecka@yopmail.com
623,Mariann,Sekofski,Mariann.Sekofski@yopmail.com
624,Chrystel,Tannie,Chrystel.Tannie@yopmail.com
625,Pearline,Duwalt,Pearline.Duwalt@yopmail.com
626,Philis,Hortensia,Philis.Hortensia@yopmail.com
627,Alyda,Kathie,Alyda.Kathie@yopmail.com
628,Winny,Carlson,Winny.Carlson@yopmail.com
629,Ingrid,Earlie,Ingrid.Earlie@yopmail.com
630,Harrietta,Uund,Harrietta.Uund@yopmail.com
631,Emmey,Alisia,Emmey.Alisia@yopmail.com
632,Lexine,Graig,Lexine.Graig@yopmail.com
633,Alex,Darrell,Alex.Darrell@yopmail.com
634,Robinia,Ackerley,Robinia.Ackerley@yopmail.com
635,Kore,Sheng,Kore.Sheng@yopmail.com
636,Hallie,Allys,Hallie.Allys@yopmail.com
637,Emylee,Uund,Emylee.Uund@yopmail.com
638,Winny,Cosenza,Winny.Cosenza@yopmail.com
639,Nanete,Carvey,Nanete.Carvey@yopmail.com
640,Ketti,Gordon,Ketti.Gordon@yopmail.com
641,Nessie,Pearse,Nessie.Pearse@yopmail.com
642,Annecorinne,Millda,Annecorinne.Millda@yopmail.com
643,Randa,Jalbert,Randa.Jalbert@yopmail.com
644,Jessy,Melan,Jessy.Melan@yopmail.com
645,Olivette,Love,Olivette.Love@yopmail.com
646,Elmira,Gert,Elmira.Gert@yopmail.com
647,Felice,Poll,Felice.Poll@yopmail.com
648,Ginnie,Roscoe,Ginnie.Roscoe@yopmail.com
649,Lynde,Duwalt,Lynde.Duwalt@yopmail.com
650,Althea,Tjon,Althea.Tjon@yopmail.com
651,Wanda,Orpah,Wanda.Orpah@yopmail.com
652,Corry,Marijo,Corry.Marijo@yopmail.com
653,Karlee,Germann,Karlee.Germann@yopmail.com
654,Marti,Rillings,Marti.Rillings@yopmail.com
655,Nonnah,Francene,Nonnah.Francene@yopmail.com
656,Georgetta,Paton,Georgetta.Paton@yopmail.com
657,Steffane,Baylor,Steffane.Baylor@yopmail.com
658,Leeanne,Alwin,Leeanne.Alwin@yopmail.com
659,Roxane,Phaidra,Roxane.Phaidra@yopmail.com
660,Gaylene,Kenney,Gaylene.Kenney@yopmail.com
661,Catrina,Alfons,Catrina.Alfons@yopmail.com
662,Pearline,Barbey,Pearline.Barbey@yopmail.com
663,Dorothy,Sharl,Dorothy.Sharl@yopmail.com
664,Helsa,Duwalt,Helsa.Duwalt@yopmail.com
665,Sean,Ellerey,Sean.Ellerey@yopmail.com
666,Sashenka,Chaing,Sashenka.Chaing@yopmail.com
667,Clarice,Melan,Clarice.Melan@yopmail.com
668,Gerianna,Adamsen,Gerianna.Adamsen@yopmail.com
669,Betta,Corabella,Betta.Corabella@yopmail.com
670,Janis,Korey,Janis.Korey@yopmail.com
671,Berget,Liva,Berget.Liva@yopmail.com
672,Collen,Talia,Collen.Talia@yopmail.com
673,Vita,Raul,Vita.Raul@yopmail.com
674,Lucy,Faust,Lucy.Faust@yopmail.com
675,Chandra,Diann,Chandra.Diann@yopmail.com
676,Briney,Jehu,Briney.Jehu@yopmail.com
677,Flory,Docilla,Flory.Docilla@yopmail.com
678,Luci,Bearnard,Luci.Bearnard@yopmail.com
679,Merci,Melony,Merci.Melony@yopmail.com
680,Lonnie,Erskine,Lonnie.Erskine@yopmail.com
681,Marita,Emanuel,Marita.Emanuel@yopmail.com
682,Nannie,Sperling,Nannie.Sperling@yopmail.com
683,Helena,Girardo,Helena.Girardo@yopmail.com
684,Mara,Annice,Mara.Annice@yopmail.com
685,Meg,Jarib,Meg.Jarib@yopmail.com
686,Dari,Fiester,Dari.Fiester@yopmail.com
687,Ileana,Rosemary,Ileana.Rosemary@yopmail.com
688,Fanny,Carbo,Fanny.Carbo@yopmail.com
689,Cordi,Rozanna,Cordi.Rozanna@yopmail.com
690,Lacie,Ezar,Lacie.Ezar@yopmail.com
691,Meg,Nedrud,Meg.Nedrud@yopmail.com
692,Elie,Carri,Elie.Carri@yopmail.com
693,Gisela,Hanleigh,Gisela.Hanleigh@yopmail.com
694,Tonia,Klemperer,Tonia.Klemperer@yopmail.com
695,Hermione,Riva,Hermione.Riva@yopmail.com
696,Meriel,Buttaro,Meriel.Buttaro@yopmail.com
697,Adriana,Atonsah,Adriana.Atonsah@yopmail.com
698,Dorene,Karna,Dorene.Karna@yopmail.com
699,Tressa,Moseley,Tressa.Moseley@yopmail.com
700,Norine,Hepsibah,Norine.Hepsibah@yopmail.com
701,Dorthy,Matthew,Dorthy.Matthew@yopmail.com
702,Aimil,Sasnett,Aimil.Sasnett@yopmail.com
703,Rosanne,Beniamino,Rosanne.Beniamino@yopmail.com
704,Robinia,Cordi,Robinia.Cordi@yopmail.com
705,Chastity,Glenden,Chastity.Glenden@yopmail.com
706,Nannie,Emerson,Nannie.Emerson@yopmail.com
707,Starla,Gemini,Starla.Gemini@yopmail.com
708,Gavrielle,Killigrew,Gavrielle.Killigrew@yopmail.com
709,Asia,Marden,Asia.Marden@yopmail.com
710,Sarette,Scammon,Sarette.Scammon@yopmail.com
711,Jemie,Angelis,Jemie.Angelis@yopmail.com
712,Debee,Ricarda,Debee.Ricarda@yopmail.com
713,Kathy,Sallyann,Kathy.Sallyann@yopmail.com
714,Tarra,Maurine,Tarra.Maurine@yopmail.com
715,Dotty,Toni,Dotty.Toni@yopmail.com
716,Morganica,Magnolia,Morganica.Magnolia@yopmail.com
717,Aubrie,Bevin,Aubrie.Bevin@yopmail.com
718,Frank,Westphal,Frank.Westphal@yopmail.com
719,Joceline,Leler,Joceline.Leler@yopmail.com
720,Robinia,Dearborn,Robinia.Dearborn@yopmail.com
721,Dione,Donell,Dione.Donell@yopmail.com
722,Tamqrah,Carri,Tamqrah.Carri@yopmail.com
723,June,Alarise,June.Alarise@yopmail.com
724,Jorry,Grobe,Jorry.Grobe@yopmail.com
725,Ira,Atcliffe,Ira.Atcliffe@yopmail.com
726,Ulrike,Delila,Ulrike.Delila@yopmail.com
727,Fred,August,Fred.August@yopmail.com
728,Deloria,Thomasina,Deloria.Thomasina@yopmail.com
729,Nerta,Evangelia,Nerta.Evangelia@yopmail.com
730,Natka,Gilmour,Natka.Gilmour@yopmail.com
731,Viviene,Valoniah,Viviene.Valoniah@yopmail.com
732,Tera,Colbert,Tera.Colbert@yopmail.com
733,Giustina,Shelba,Giustina.Shelba@yopmail.com
734,Sam,Lytton,Sam.Lytton@yopmail.com
735,Ricky,Loleta,Ricky.Loleta@yopmail.com
736,Kenna,Wooster,Kenna.Wooster@yopmail.com
737,Korrie,Behre,Korrie.Behre@yopmail.com
738,Lucy,Hewitt,Lucy.Hewitt@yopmail.com
739,Marti,Sothena,Marti.Sothena@yopmail.com
740,Anallese,Carbo,Anallese.Carbo@yopmail.com
741,Aryn,Belldas,Aryn.Belldas@yopmail.com
742,Darci,Nahum,Darci.Nahum@yopmail.com
743,Cathyleen,Shaver,Cathyleen.Shaver@yopmail.com
744,Halette,Dichy,Halette.Dichy@yopmail.com
745,Kayla,Noam,Kayla.Noam@yopmail.com
746,Tersina,Ilka,Tersina.Ilka@yopmail.com
747,Bobbi,Ingra,Bobbi.Ingra@yopmail.com
748,Meg,Beniamino,Meg.Beniamino@yopmail.com
749,Rozele,Clara,Rozele.Clara@yopmail.com
750,Gretal,Curren,Gretal.Curren@yopmail.com
751,Genevra,Hutchison,Genevra.Hutchison@yopmail.com
752,Tamqrah,Hieronymus,Tamqrah.Hieronymus@yopmail.com
753,Tamqrah,Timon,Tamqrah.Timon@yopmail.com
754,Celestyna,Keily,Celestyna.Keily@yopmail.com
755,Coral,Monk,Coral.Monk@yopmail.com
756,Shell,Campball,Shell.Campball@yopmail.com
757,Phylis,Bronk,Phylis.Bronk@yopmail.com
758,Jemie,Louanna,Jemie.Louanna@yopmail.com
759,Damaris,Stevy,Damaris.Stevy@yopmail.com
760,Harmonia,Levey,Harmonia.Levey@yopmail.com
761,Brianna,Rona,Brianna.Rona@yopmail.com
762,Arabel,Salchunas,Arabel.Salchunas@yopmail.com
763,Willetta,Ietta,Willetta.Ietta@yopmail.com
764,Aryn,Candy,Aryn.Candy@yopmail.com
765,Emmey,Kussell,Emmey.Kussell@yopmail.com
766,Mamie,Primalia,Mamie.Primalia@yopmail.com
767,Suzette,Suzetta,Suzette.Suzetta@yopmail.com
768,Shaylyn,Gaynor,Shaylyn.Gaynor@yopmail.com
769,Brandise,Lynn,Brandise.Lynn@yopmail.com
770,Caritta,Ingra,Caritta.Ingra@yopmail.com
771,Clementine,Charity,Clementine.Charity@yopmail.com
772,Trixi,Prober,Trixi.Prober@yopmail.com
773,Vevay,Marsden,Vevay.Marsden@yopmail.com
774,Brooks,Dermott,Brooks.Dermott@yopmail.com
775,Shandie,Ariella,Shandie.Ariella@yopmail.com
776,Joelly,McGrody,Joelly.McGrody@yopmail.com
777,Adriana,Federica,Adriana.Federica@yopmail.com
778,Jan,Sharl,Jan.Sharl@yopmail.com
779,Rori,Durware,Rori.Durware@yopmail.com
780,Nita,Suanne,Nita.Suanne@yopmail.com
781,Gloria,Terencio,Gloria.Terencio@yopmail.com
782,Adele,Wu,Adele.Wu@yopmail.com
783,Heida,Honoria,Heida.Honoria@yopmail.com
784,Estell,Screens,Estell.Screens@yopmail.com
785,Nicoli,Lumbard,Nicoli.Lumbard@yopmail.com
786,Elfreda,Kamaria,Elfreda.Kamaria@yopmail.com
787,Zia,Guthrie,Zia.Guthrie@yopmail.com
788,Rosanne,Faro,Rosanne.Faro@yopmail.com
789,Karena,Vilma,Karena.Vilma@yopmail.com
790,Sandie,Lilybelle,Sandie.Lilybelle@yopmail.com
791,Sandie,Dyche,Sandie.Dyche@yopmail.com
792,Lucille,Anestassia,Lucille.Anestassia@yopmail.com
793,Kimmy,Ilka,Kimmy.Ilka@yopmail.com
794,Jacenta,Anderea,Jacenta.Anderea@yopmail.com
795,Fina,Joli,Fina.Joli@yopmail.com
796,Johna,Alfons,Johna.Alfons@yopmail.com
797,Marguerite,Strephon,Marguerite.Strephon@yopmail.com
798,Adele,Imelida,Adele.Imelida@yopmail.com
799,Charmaine,Boehike,Charmaine.Boehike@yopmail.com
800,Wilma,Rhu,Wilma.Rhu@yopmail.com
801,Aaren,Rosalba,Aaren.Rosalba@yopmail.com
802,Kary,Raseda,Kary.Raseda@yopmail.com
803,Kathy,Dudley,Kathy.Dudley@yopmail.com
804,Viki,Keily,Viki.Keily@yopmail.com
805,Perry,Flyn,Perry.Flyn@yopmail.com
806,Jemie,Kiersten,Jemie.Kiersten@yopmail.com
807,Randa,Anis,Randa.Anis@yopmail.com
808,Corly,Eiser,Corly.Eiser@yopmail.com
809,Theodora,Bryna,Theodora.Bryna@yopmail.com
810,Brana,Ulphia,Brana.Ulphia@yopmail.com
811,Merle,Narton,Merle.Narton@yopmail.com
812,Maud,Chapland,Maud.Chapland@yopmail.com
813,Reeba,Lorain,Reeba.Lorain@yopmail.com
814,Zondra,Erlandson,Zondra.Erlandson@yopmail.com
815,Gale,Cordi,Gale.Cordi@yopmail.com
816,Marline,Jalbert,Marline.Jalbert@yopmail.com
817,Ermengarde,Percy,Ermengarde.Percy@yopmail.com
818,Regina,Ralfston,Regina.Ralfston@yopmail.com
819,Alisha,Curren,Alisha.Curren@yopmail.com
820,Michaelina,Eliathas,Michaelina.Eliathas@yopmail.com
821,Oralee,Fredi,Oralee.Fredi@yopmail.com
822,Catrina,Gilbertson,Catrina.Gilbertson@yopmail.com
823,Lilith,Erich,Lilith.Erich@yopmail.com
824,Fina,Krystle,Fina.Krystle@yopmail.com
825,Margette,Malanie,Margette.Malanie@yopmail.com
826,Annora,Egbert,Annora.Egbert@yopmail.com
827,Suzette,Sacken,Suzette.Sacken@yopmail.com
828,Nananne,Gerge,Nananne.Gerge@yopmail.com
829,Cassandra,Estella,Cassandra.Estella@yopmail.com
830,Lizzie,Moina,Lizzie.Moina@yopmail.com
831,Judy,Adamsen,Judy.Adamsen@yopmail.com
832,Jacenta,Carolin,Jacenta.Carolin@yopmail.com
833,Dede,Jehu,Dede.Jehu@yopmail.com
834,Gilligan,Rodmann,Gilligan.Rodmann@yopmail.com
835,Melisent,Israeli,Melisent.Israeli@yopmail.com
836,Elka,Ludewig,Elka.Ludewig@yopmail.com
837,Pamella,Ricki,Pamella.Ricki@yopmail.com
838,Janis,Cyrie,Janis.Cyrie@yopmail.com
839,Yetty,Tremayne,Yetty.Tremayne@yopmail.com
840,Tressa,Annabella,Tressa.Annabella@yopmail.com
841,Sara-Ann,Connelly,Sara-Ann.Connelly@yopmail.com
842,Aigneis,Tatianas,Aigneis.Tatianas@yopmail.com
843,Charissa,Gerge,Charissa.Gerge@yopmail.com
844,Bibby,Eldrid,Bibby.Eldrid@yopmail.com
845,Mahalia,Stevy,Mahalia.Stevy@yopmail.com
846,Stephanie,Pelagias,Stephanie.Pelagias@yopmail.com
847,Dulcinea,Letsou,Dulcinea.Letsou@yopmail.com
848,Lizzie,Keily,Lizzie.Keily@yopmail.com
849,Elka,Tiffa,Elka.Tiffa@yopmail.com
850,Jennica,Lacombe,Jennica.Lacombe@yopmail.com
851,Jolyn,Emanuel,Jolyn.Emanuel@yopmail.com
852,Belva,Euridice,Belva.Euridice@yopmail.com
853,Micheline,Stanwood,Micheline.Stanwood@yopmail.com
854,Edee,Berard,Edee.Berard@yopmail.com
855,Wilma,Orlene,Wilma.Orlene@yopmail.com
856,Carmela,Sholley,Carmela.Sholley@yopmail.com
857,Britni,Dex,Britni.Dex@yopmail.com
858,Gilda,Constancy,Gilda.Constancy@yopmail.com
859,Adore,Berard,Adore.Berard@yopmail.com
860,Elfreda,Rurik,Elfreda.Rurik@yopmail.com
861,Caritta,Prouty,Caritta.Prouty@yopmail.com
862,Sara-Ann,Aloise,Sara-Ann.Aloise@yopmail.com
863,Nerta,Reneta,Nerta.Reneta@yopmail.com
864,Marleah,Jethro,Marleah.Jethro@yopmail.com
865,Madeleine,Gaynor,Madeleine.Gaynor@yopmail.com
866,Kathy,Burnside,Kathy.Burnside@yopmail.com
867,Dolli,Chesna,Dolli.Chesna@yopmail.com
868,Carly,Lilas,Carly.Lilas@yopmail.com
869,Marylou,Caitlin,Marylou.Caitlin@yopmail.com
870,Ann-Marie,Harned,Ann-Marie.Harned@yopmail.com
871,Suzette,Karna,Suzette.Karna@yopmail.com
872,Augustine,Infield,Augustine.Infield@yopmail.com
873,Meghann,Schonfeld,Meghann.Schonfeld@yopmail.com
874,Averyl,Hamil,Averyl.Hamil@yopmail.com
875,Kristina,Tamsky,Kristina.Tamsky@yopmail.com
876,Rori,Aldric,Rori.Aldric@yopmail.com
877,Aigneis,Autrey,Aigneis.Autrey@yopmail.com
878,Daphne,Eckblad,Daphne.Eckblad@yopmail.com
879,Caritta,Kazimir,Caritta.Kazimir@yopmail.com
880,Catharine,Bevin,Catharine.Bevin@yopmail.com
881,Daryl,Kirstin,Daryl.Kirstin@yopmail.com
882,Amelia,Eiser,Amelia.Eiser@yopmail.com
883,Ninnetta,Wandie,Ninnetta.Wandie@yopmail.com
884,Brandise,Alva,Brandise.Alva@yopmail.com
885,Augustine,Clara,Augustine.Clara@yopmail.com
886,Sidoney,Emmy,Sidoney.Emmy@yopmail.com
887,Gavrielle,Wittie,Gavrielle.Wittie@yopmail.com
888,Belinda,Hilbert,Belinda.Hilbert@yopmail.com
889,Berget,Hurley,Berget.Hurley@yopmail.com
890,Barbi,Fitzsimmons,Barbi.Fitzsimmons@yopmail.com
891,Fanny,Morgun,Fanny.Morgun@yopmail.com
892,Christy,Jenness,Christy.Jenness@yopmail.com
893,Aeriela,Hoban,Aeriela.Hoban@yopmail.com
894,Mireielle,Kress,Mireielle.Kress@yopmail.com
895,Karena,Cherianne,Karena.Cherianne@yopmail.com
896,Kirstin,Daniele,Kirstin.Daniele@yopmail.com
897,Nikki,Viddah,Nikki.Viddah@yopmail.com
898,Frieda,Annice,Frieda.Annice@yopmail.com
899,Myriam,Fiester,Myriam.Fiester@yopmail.com
900,Lacie,Himelman,Lacie.Himelman@yopmail.com
901,Michaelina,Burnside,Michaelina.Burnside@yopmail.com
902,Lorne,Joachim,Lorne.Joachim@yopmail.com
903,Gilligan,Magdalen,Gilligan.Magdalen@yopmail.com
904,Nita,Dorothy,Nita.Dorothy@yopmail.com
905,Rori,Niccolo,Rori.Niccolo@yopmail.com
906,Lanna,Bettine,Lanna.Bettine@yopmail.com
907,Adriana,Rillings,Adriana.Rillings@yopmail.com
908,Louella,Rogerio,Louella.Rogerio@yopmail.com
909,Debee,Annice,Debee.Annice@yopmail.com
910,Arlena,Lilas,Arlena.Lilas@yopmail.com
911,Pollyanna,Ehrman,Pollyanna.Ehrman@yopmail.com
912,Lucille,Llovera,Lucille.Llovera@yopmail.com
913,Anthia,Kress,Anthia.Kress@yopmail.com
914,Nadine,Teddman,Nadine.Teddman@yopmail.com
915,Ada,Constancy,Ada.Constancy@yopmail.com
916,Rozele,Evangelia,Rozele.Evangelia@yopmail.com
917,Gui,Helfand,Gui.Helfand@yopmail.com
918,Brynna,Harday,Brynna.Harday@yopmail.com
919,Kial,Scammon,Kial.Scammon@yopmail.com
920,Jinny,Ortrude,Jinny.Ortrude@yopmail.com
921,Shannah,Naashom,Shannah.Naashom@yopmail.com
922,Cordi,Levey,Cordi.Levey@yopmail.com
923,Flory,Melony,Flory.Melony@yopmail.com
924,Melanie,Loeb,Melanie.Loeb@yopmail.com
925,Leona,Louanna,Leona.Louanna@yopmail.com
926,Amara,Giff,Amara.Giff@yopmail.com
927,Ivett,Wallis,Ivett.Wallis@yopmail.com
928,Bettine,Dash,Bettine.Dash@yopmail.com
929,Lynea,Denis,Lynea.Denis@yopmail.com
930,Selma,Flita,Selma.Flita@yopmail.com
931,Winny,Smitt,Winny.Smitt@yopmail.com
932,Hettie,Erlandson,Hettie.Erlandson@yopmail.com
933,Ann-Marie,Kronfeld,Ann-Marie.Kronfeld@yopmail.com
934,Carolina,Concha,Carolina.Concha@yopmail.com
935,Jan,Persse,Jan.Persse@yopmail.com
936,Steffane,Lamoree,Steffane.Lamoree@yopmail.com
937,Shaine,Noam,Shaine.Noam@yopmail.com
938,Angela,Yerkovich,Angela.Yerkovich@yopmail.com
939,Camile,Hepsibah,Camile.Hepsibah@yopmail.com
940,Lolita,Kirstin,Lolita.Kirstin@yopmail.com
941,Silvana,Wenoa,Silvana.Wenoa@yopmail.com
942,Lonnie,Nance,Lonnie.Nance@yopmail.com
943,Wilma,Nisbet,Wilma.Nisbet@yopmail.com
944,Cindelyn,Dorcy,Cindelyn.Dorcy@yopmail.com
945,Inga,Dom,Inga.Dom@yopmail.com
946,Tarra,Goth,Tarra.Goth@yopmail.com
947,Nelle,Demitria,Nelle.Demitria@yopmail.com
948,Priscilla,Pitt,Priscilla.Pitt@yopmail.com
949,Cyndie,Baudin,Cyndie.Baudin@yopmail.com
950,Bernardine,Clywd,Bernardine.Clywd@yopmail.com
951,Kaia,Posner,Kaia.Posner@yopmail.com
952,Elie,Koziara,Elie.Koziara@yopmail.com
953,Daphne,Aloise,Daphne.Aloise@yopmail.com
954,Marjie,Aloise,Marjie.Aloise@yopmail.com
955,Anica,Middleton,Anica.Middleton@yopmail.com
956,Dorice,Margret,Dorice.Margret@yopmail.com
957,Gloria,Dulciana,Gloria.Dulciana@yopmail.com
958,Kerrin,Hylan,Kerrin.Hylan@yopmail.com
959,Olwen,Vorster,Olwen.Vorster@yopmail.com
960,Beverley,Hailee,Beverley.Hailee@yopmail.com
961,Janey,Thunell,Janey.Thunell@yopmail.com
962,Sharai,Munn,Sharai.Munn@yopmail.com
963,Gusella,Tannie,Gusella.Tannie@yopmail.com
964,Grier,Celestine,Grier.Celestine@yopmail.com
965,Dianemarie,Alexandr,Dianemarie.Alexandr@yopmail.com
966,Patricia,Kelula,Patricia.Kelula@yopmail.com
967,Dianemarie,Morgun,Dianemarie.Morgun@yopmail.com
968,Alisha,Loeb,Alisha.Loeb@yopmail.com
969,Eve,Hull,Eve.Hull@yopmail.com
970,Gratia,Douglass,Gratia.Douglass@yopmail.com
971,Kylynn,Parette,Kylynn.Parette@yopmail.com
972,Daune,Concha,Daune.Concha@yopmail.com
973,Nickie,Raseda,Nickie.Raseda@yopmail.com
974,Mathilda,Orpah,Mathilda.Orpah@yopmail.com
975,Wendi,Croix,Wendi.Croix@yopmail.com
976,Shell,Paton,Shell.Paton@yopmail.com
977,Catrina,Othilia,Catrina.Othilia@yopmail.com
978,Pamella,Mendez,Pamella.Mendez@yopmail.com
979,Mallory,Brandice,Mallory.Brandice@yopmail.com
980,Frieda,Cimbura,Frieda.Cimbura@yopmail.com
981,Orelia,Anestassia,Orelia.Anestassia@yopmail.com
982,Celestyna,Kirbee,Celestyna.Kirbee@yopmail.com
983,Elka,Corilla,Elka.Corilla@yopmail.com
984,Merle,Radu,Merle.Radu@yopmail.com
985,Joceline,Septima,Joceline.Septima@yopmail.com
986,Bobbi,Saunderson,Bobbi.Saunderson@yopmail.com
987,Sindee,Shama,Sindee.Shama@yopmail.com
988,Hildegaard,McCutcheon,Hildegaard.McCutcheon@yopmail.com
989,Talya,Tatianas,Talya.Tatianas@yopmail.com
990,Evaleen,Gerge,Evaleen.Gerge@yopmail.com
991,Sabina,Junie,Sabina.Junie@yopmail.com
992,Britte,Goode,Britte.Goode@yopmail.com
993,Jsandye,Charmine,Jsandye.Charmine@yopmail.com
994,Kimberley,Abbot,Kimberley.Abbot@yopmail.com
995,Shirlee,Vacuva,Shirlee.Vacuva@yopmail.com
996,Fanchon,Calhoun,Fanchon.Calhoun@yopmail.com
997,Evaleen,Bord,Evaleen.Bord@yopmail.com
998,Kathi,Bibi,Kathi.Bibi@yopmail.com
999,Olwen,Hoban,Olwen.Hoban@yopmail.com
1000,Amii,Trey,Amii.Trey@yopmail.com
1001,Vonny,Thema,Vonny.Thema@yopmail.com
1002,Adele,Thunell,Adele.Thunell@yopmail.com
1003,Sybille,Zamora,Sybille.Zamora@yopmail.com
1004,Shauna,Maxi,Shauna.Maxi@yopmail.com
1005,Mary,Lewes,Mary.Lewes@yopmail.com
1006,Paule,Bohlin,Paule.Bohlin@yopmail.com
1007,Kate,Center,Kate.Center@yopmail.com
1008,Angela,Christine,Angela.Christine@yopmail.com
1009,Delilah,Pacorro,Delilah.Pacorro@yopmail.com
1010,Elora,Andrel,Elora.Andrel@yopmail.com
1011,Sonni,Emmaline,Sonni.Emmaline@yopmail.com
1012,Alameda,Amethist,Alameda.Amethist@yopmail.com
1013,Felice,Tamar,Felice.Tamar@yopmail.com
1014,Sashenka,Emmaline,Sashenka.Emmaline@yopmail.com
1015,Sashenka,Ledah,Sashenka.Ledah@yopmail.com
1016,Dolli,Kalinda,Dolli.Kalinda@yopmail.com
1017,Mignon,Parette,Mignon.Parette@yopmail.com
1018,Fawne,Heidt,Fawne.Heidt@yopmail.com
1019,Danika,Newell,Danika.Newell@yopmail.com
1020,Alleen,Alcott,Alleen.Alcott@yopmail.com
1021,Ayn,An,Ayn.An@yopmail.com
1022,Cissiee,Riva,Cissiee.Riva@yopmail.com
1023,Hayley,Rocray,Hayley.Rocray@yopmail.com
1024,Celisse,Ophelia,Celisse.Ophelia@yopmail.com
1025,Robinia,Ferino,Robinia.Ferino@yopmail.com
1026,Livvyy,Karl,Livvyy.Karl@yopmail.com
1027,Dorthy,Schalles,Dorthy.Schalles@yopmail.com
1028,Ida,Pauly,Ida.Pauly@yopmail.com
1029,Glenda,Center,Glenda.Center@yopmail.com
1030,Yetty,Toni,Yetty.Toni@yopmail.com
1031,Calla,Trace,Calla.Trace@yopmail.com
1032,Marcy,Bennie,Marcy.Bennie@yopmail.com
1033,Ardys,Kenwood,Ardys.Kenwood@yopmail.com
1034,Chrystel,Florina,Chrystel.Florina@yopmail.com
1035,Meghann,Karylin,Meghann.Karylin@yopmail.com
1036,Marnia,Sigfrid,Marnia.Sigfrid@yopmail.com
1037,Reeba,Birdella,Reeba.Birdella@yopmail.com
1038,Renie,Hebner,Renie.Hebner@yopmail.com
1039,Janeczka,Sperling,Janeczka.Sperling@yopmail.com
1040,Basia,Noelyn,Basia.Noelyn@yopmail.com
1041,Dolli,Hazlett,Dolli.Hazlett@yopmail.com
1042,Emma,Haldas,Emma.Haldas@yopmail.com
1043,Nariko,Nore,Nariko.Nore@yopmail.com
1044,Lanna,Denis,Lanna.Denis@yopmail.com
1045,Merle,Lorain,Merle.Lorain@yopmail.com
1046,Christal,Colleen,Christal.Colleen@yopmail.com
1047,Jan,Parsaye,Jan.Parsaye@yopmail.com
1048,Shaine,Krystle,Shaine.Krystle@yopmail.com
1049,Jennica,Calhoun,Jennica.Calhoun@yopmail.com
1050,Raf,Tufts,Raf.Tufts@yopmail.com
1051,Mildrid,Audly,Mildrid.Audly@yopmail.com
1052,Modestia,Zenas,Modestia.Zenas@yopmail.com
1053,Alejandra,Karylin,Alejandra.Karylin@yopmail.com
1054,Correy,Holtz,Correy.Holtz@yopmail.com
1055,Yvonne,Rosalba,Yvonne.Rosalba@yopmail.com
1056,Gabriellia,Bebe,Gabriellia.Bebe@yopmail.com
1057,Nelle,Elisha,Nelle.Elisha@yopmail.com
1058,Catrina,Grayce,Catrina.Grayce@yopmail.com
1059,Monika,Mike,Monika.Mike@yopmail.com
1060,Fredericka,Braun,Fredericka.Braun@yopmail.com
1061,Rhoda,Dominy,Rhoda.Dominy@yopmail.com
1062,Florencia,Klotz,Florencia.Klotz@yopmail.com
1063,Kathy,Sibyls,Kathy.Sibyls@yopmail.com
1064,Gwenneth,Ariella,Gwenneth.Ariella@yopmail.com
1065,Adelle,Bettine,Adelle.Bettine@yopmail.com
1066,Gerrie,Papageno,Gerrie.Papageno@yopmail.com
1067,Odessa,Lesley,Odessa.Lesley@yopmail.com
1068,Constance,Denis,Constance.Denis@yopmail.com
1069,Beverley,Ries,Beverley.Ries@yopmail.com
1070,Dotty,Celestine,Dotty.Celestine@yopmail.com
1071,Nollie,Stephie,Nollie.Stephie@yopmail.com
1072,Katleen,Konyn,Katleen.Konyn@yopmail.com
1073,Eve,Cullin,Eve.Cullin@yopmail.com
1074,Queenie,Germann,Queenie.Germann@yopmail.com
1075,Margarette,Leifeste,Margarette.Leifeste@yopmail.com
1076,Elvira,Lanita,Elvira.Lanita@yopmail.com
1077,Rubie,Erlandson,Rubie.Erlandson@yopmail.com
1078,Beatriz,Gino,Beatriz.Gino@yopmail.com
1079,Ashlee,Evvie,Ashlee.Evvie@yopmail.com
1080,Marjie,Barrus,Marjie.Barrus@yopmail.com
1081,Charissa,Bultman,Charissa.Bultman@yopmail.com
1082,Hannis,Bethany,Hannis.Bethany@yopmail.com
1083,Konstance,Lumbard,Konstance.Lumbard@yopmail.com
1084,Coral,Janene,Coral.Janene@yopmail.com
1085,Tina,Letsou,Tina.Letsou@yopmail.com
1086,Blake,Monk,Blake.Monk@yopmail.com
1087,Emmey,Kauppi,Emmey.Kauppi@yopmail.com
1088,Robbi,Kenwood,Robbi.Kenwood@yopmail.com
1089,Ofilia,Kiyoshi,Ofilia.Kiyoshi@yopmail.com
1090,Brandise,Zeeba,Brandise.Zeeba@yopmail.com
1091,Darci,Naor,Darci.Naor@yopmail.com
1092,Luci,Rheingold,Luci.Rheingold@yopmail.com
1093,Nikki,Hailee,Nikki.Hailee@yopmail.com
1094,Trixi,Peg,Trixi.Peg@yopmail.com
1095,Nelle,Sherrie,Nelle.Sherrie@yopmail.com
1096,Judy,Bow,Judy.Bow@yopmail.com
1097,Malina,Sundin,Malina.Sundin@yopmail.com
1098,Eadie,Alwin,Eadie.Alwin@yopmail.com
1099,Alisha,Pyle,Alisha.Pyle@yopmail.com